Query,Answer
"What is the full form of CLAT?","Common Law Admission Test"
"Who conducts the CLAT exam?","Consortium of National Law Universities (NLUs)"
"How many sections are there in CLAT UG?","Five"
"Is there negative marking in CLAT?","Yes, typically 0.25 marks per incorrect answer"
"What subjects are covered in CLAT?","English, Legal Reasoning, Logical Reasoning, Quantitative Techniques, and Current Affairs"
"What is the duration of the CLAT exam?","Two hours"
"Where can I find CLAT sample papers?","On the official CLAT website and various educational platforms"
"What is the eligibility criteria for CLAT UG?","Candidates must have passed 10+2 or equivalent with a minimum aggregate percentage"
"Can a candidate attempt CLAT more than once?","Yes, there is no limit to the number of attempts"
"When is the CLAT exam usually held?","Typically in May or June, though dates may vary"
"How is the CLAT exam pattern structured?","Multiple choice questions across five sections"
"What is tested in the English section of CLAT?","Reading comprehension, vocabulary, and grammar"
"What type of questions are featured in the Legal Reasoning section?","Questions related to legal principles and case analysis"
"How can I prepare for the CLAT exam?","By studying standard textbooks, practicing sample papers, and attending coaching if needed"
"Does CLAT have any reservation policies?","Yes, in line with government regulations including SC, ST, and OBC categories"
"Are mock tests available for CLAT?","Yes, many coaching institutes and websites offer mock tests"
"What is the minimum percentage required for CLAT eligibility?","It varies by university, usually around 45-50%"
"Do law schools consider CLAT scores for admissions?","Yes, CLAT scores are a primary criterion for admission in NLUs"
"How competitive is the CLAT exam?","Highly competitive, with lakhs of candidates appearing annually"
"Can international students apply for CLAT?","Yes, if they meet the eligibility criteria set by individual NLUs"
"What is the marking scheme for CLAT?","Positive marking for correct answers and negative marking for wrong responses"
"Which section in CLAT focuses on current affairs?","The Current Affairs section"
"Are previous year's CLAT papers useful for preparation?","Yes, they provide insights into the exam pattern and question difficulty"
"Is there a syllabus for CLAT UG available online?","Yes, the official CLAT website and educational resources publish the syllabus"
"What skills does CLAT assess?","Logical reasoning, analytical ability, comprehension, and legal aptitude"
"How important is speed in the CLAT exam?","Very important due to strict time constraints"
"Can I prepare for CLAT through online courses?","Yes, many online platforms offer coaching for CLAT"
"What is the role of qualitative analysis in CLAT?","It helps in understanding legal reasoning and comprehension questions"
"How many marks is the CLAT exam out of?","Typically, it is out of 150 to 200 marks, depending on the year"
"What time management strategies work for CLAT?","Practice tests, focusing on weak areas, and effective planning"
"What is the duration of each section in CLAT?","Section durations vary; total exam time is two hours"
"How can I improve my reading comprehension for CLAT?","Regular practice, summarizing passages, and solving sample tests"
"How do I deal with negative marking in CLAT?","Attempt questions with confidence and avoid random guessing"
"Is there a break during the CLAT exam?","No, the exam is conducted continuously for the full duration"
"What are the best books for CLAT preparation?","Popular choices include books by Universal's and MPH"
"How to analyze past CLAT trends?","Review previous papers and consult analysis from coaching centers"
"What are the key differences between CLAT and other law entrance exams?","CLAT is conducted by a consortium and has a unique pattern"
"Can I challenge a CLAT question paper?","Yes, if you identify errors, you can submit challenges as per guidelines"
"What are some common topics in CLAT Quantitative Techniques?","Basic arithmetic, percentages, ratios, and data interpretation"
"How important is current affairs for CLAT?","Very important as they can significantly boost your score"
"What strategies should I use for the Legal Aptitude section?","Understand legal scenarios, analyze case studies, and practice regularly"
"Does CLAT have sectional cut-offs?","Some NLUs implement sectional as well as overall cut-offs"
"What online resources are best for CLAT prep?","Websites like Law Entrance, CLAT Counselling, and various coaching portals"
"How can mock tests improve CLAT performance?","They help in identifying weaknesses and improving time management"
"What is the level of difficulty of CLAT compared to other entrance exams?","It is moderately challenging with a focus on reasoning and comprehension"
"Do CLAT questions require extensive legal knowledge?","No, basic legal aptitude and logical reasoning are sufficient"
"Can I download free study materials for CLAT?","Yes, several websites offer free resources for preparation"
"Are there any mobile apps for CLAT preparation?","Yes, many apps provide practice tests and study content"
"How do I register for the CLAT exam?","Registration is completed online through the official website"
"What is the fee for CLAT exam registration?","The fee varies; check the official website for current details"
"What documents are needed for CLAT registration?","Typically, ID proof, academic certificates, and a passport-sized photo"
"What is the CLAT cut-off score for top NLUs?","Cut-offs vary; top NLUs require very high scores"
"How many students are admitted based on CLAT scores?","Admissions are based on seat availability at each NLU"
"What is the difficulty level of the CLAT Logical Reasoning section?","It requires strong analytical and reasoning skills"
"How long does it take to receive CLAT results?","Results are typically announced a few weeks after the exam"
"Where can I find CLAT counselling details?","On the official CLAT website and the respective NLU websites"
"What is the importance of accuracy in CLAT?","Accuracy is crucial due to the negative marking scheme"
"How can I build speed for the CLAT exam?","Through regular practice, timed tests, and focused revision"
"What legal topics are frequently covered in CLAT questions?","Constitutional law, torts, contracts, and criminal law"
"How do I prepare effectively for the CLAT exam?","By following a study plan, taking mock tests, and reviewing past papers"
"Is CLAT more challenging than other entrance tests?","It is uniquely challenging due to its diverse subject areas"
"What is the age limit for CLAT candidates?","There is no upper age limit; basic academic eligibility is required"
"How do I start my CLAT preparation?","Begin by understanding the exam pattern and setting a study schedule"
"What topics are most important for the English section in CLAT?","Reading comprehension, grammar, and vocabulary"
"What strategies work for the Quantitative Techniques section?","Practicing arithmetic, time management, and solving previous tests"
"How can I practice logical reasoning for CLAT?","By solving puzzles, practicing previous questions, and engaging in logic games"
"What type of current affairs are relevant for CLAT?","Recent national/international news, sports, awards, and government policies"
"Can I refer to newspapers for CLAT preparation?","Yes, newspapers like The Hindu and Indian Express are very useful"
"How should I manage my study time for CLAT?","Prioritize weaker areas and maintain a regular study routine"
"What is the best strategy for reading comprehension in CLAT?","Practice active reading and summarizing the key points"
"Are there any coaching classes for CLAT in major cities?","Yes, many major cities offer specialized coaching for CLAT"
"How do university rankings affect CLAT admissions?","Higher-ranked NLUs often have stricter cut-offs and intense competition"
"Do CLAT prep materials include previous exam analysis?","Yes, detailed analysis of past papers is common in study materials"
"How has CLAT evolved over the years?","It has become more competitive with a more refined exam structure"
"What extra-curricular activities are beneficial for CLAT candidates?","Participating in debates, writing, and logic puzzles helps"
"How can I assess my readiness for CLAT?","By taking mock tests and evaluating your performance"
"What is the duration of a typical CLAT preparation course?","Preparation courses vary from a few weeks to several months"
"What are some essential tips for CLAT day?","Arrive early, carry required documents, and stay calm"
"How do I maintain focus during the CLAT exam?","Practice mindfulness and take regular, short study breaks"
"What type of questions are seen in the Logical Reasoning section?","Questions that assess problem-solving and pattern recognition"
"How to tackle difficult questions in CLAT?","Donâ€™t linger too long; move on and return if time permits"
"What is the importance of vocabulary in CLAT preparation?","A strong vocabulary aids in reading comprehension and analysis"
"How can I use previous year papers for revision?","Review them to spot trends and common question types"
"Are CLAT results used for any other purposes?","They are primarily used for admissions to National Law Universities"
"What is the selection criteria for CLAT?","Selection is based on overall scores and sectional cut-offs set by NLUs"
"Can one re-attempt CLAT after failing?","Yes, there is no limit on the number of attempts"
"What preparation strategies are suggested by experts for CLAT?","Consistent practice, taking mock tests, and effective time management"
"How reliable are online mock tests for CLAT?","They are highly beneficial for gauging exam readiness"
"What skills does the Logical Reasoning section assess?","Analytical ability, pattern recognition, and problem-solving skills"
"How should I approach the Legal Reasoning section?","Read legal scenarios carefully and apply logical analysis"
"Can books on general knowledge help in CLAT preparation?","Yes, they are useful for current affairs and reasoning"
"Is there any difference in the exam pattern for CLAT UG and PG?","Yes, CLAT PG typically features more advanced questions"
"What is the mode of CLAT exam?","It is usually a pen-and-paper based test"
"How do I get updates about CLAT exam dates?","Visit the official CLAT website and follow trusted educational portals"
"What is the role of practice in achieving CLAT success?","Regular practice improves speed and accuracy"
"How are cut-off scores determined in CLAT?","They depend on exam difficulty, candidate performance, and available seats"
"What is a common mistake in CLAT preparation?","Neglecting time management and avoiding sufficient practice"
"How can I stay updated with CLAT news?","Follow official announcements, educational websites, and social media channels"
"What is the significance of CLAT in legal education?","It is critical for admission to premier NLUs"
"How does negative marking impact CLAT strategy?","It emphasizes accuracy over blind guessing"
